Component,Description,Part,References,Value,Footprint,Quantity Per PCB,Datasheet,Sim.Name,Sim.Device,Sim.Pins,Sim.Params,Sim.Library
1,BFC233810104,C,C1,0.1uF,CAP_17.5 X 10 X 16.5_VIS,1,https://www.vishay.com/docs/28116/mkp3381x1.pdf,,,,,
2,400AX10MEFC8X16,C_Polarized,C4 C5,10uF/400V,CP_Radial_D8.0mm_P3.50mm,2,https://www.rubycon.co.jp/wp-content/uploads/catalog-aluminum/AX.pdf,,,,,
3,Polarized capacitor (EKMM401VSN221MP50S),C_Polarized,C3,220uF/400V,CP_Radial_D22.0mm_P10.00mm_SnapIn,1,~,,,,,
4,"Silicon Bridge Rectifier, 40V Vrms, 3.3A If, pins=-AA+, SIL-package",B40C5000-3x00A,D4,GBU6M,RECT_GBU_VIS,1,https://www.onsemi.com/pdf/datasheet/gbu6m-d.pdf,,,,,
5,SU9HF-07015,Choke_Schaffner_RN102-0.3-02-12M,FL1,1.5mH,SU9HF07015,1,https://www.mouser.com/datasheet/2/447/KEM_LF0017_SU9VF_9HF-3317014.pdf,,,,,
6,,726386-2,J1 J2 J3 J4 J5 J8,726386-2,CONN_726386-2_TEC,6,726386-2,,,,,
7,,SPM1502SJ,J7,SPM1502SJ,CONN8_502SJ_TMA,1,SPM1502SJ,,,,,
8,Inductor,L,L1,3uH,L_Radial_D6.0mm_P4.00mm,1,~,,,,,
9,Resistor,R,R2,2.7K,R_Axial_DIN0207_L6.3mm_D2.5mm_P7.62mm_Horizontal,1,~,,,,,
10,Resistor,R,R3,10K,R_Axial_DIN0207_L6.3mm_D2.5mm_P7.62mm_Horizontal,1,~,,,,,
11,"Potentiometer, US symbol",R_Potentiometer_US,RV1,5K,Potentiometer_Bourns_3296W_Vertical,1,~,,,,,
12,Voltage dependent resistor,Varistor,RV2,470V,VAR_MOV-10D471K_BRN,1,https://www.bourns.com/docs/Product-Datasheets/MOV10D.pdf,kicad_builtin_varistor,SUBCKT,1=A 2=B,threshold=1k,${KICAD7_SYMBOL_DIR}/Simulation_SPICE.sp
13,MF72-022D7,Thermistor_US,TH1,22,MF72-010D9_CTM,1,https://www.cantherm.com/wp-content/uploads/2018/08/MF72_AUG_2018.pdf,,,,,





Component Groups:,13
Component Count:,19
Fitted Components:,19
Number of PCBs:,1
Total components:,19
Schematic Version:,
Schematic Date:,
PCB Variant:,default
BoM Date:,2025-03-04T05:03:15+0000
Schematic Source:,ac-dc-converter.kicad_sch
KiCad Version:,Eeschema 9.0.0-rc3-ea1498b39b~182~ubuntu22.04.1
